03b9b8fdc5ddef6ac33e87054141df320dde28e9,DELETE,regular-file,node_modules/.astro/assets/DSCF0446.BjO6t3O-_UaXIS.avif,12844183,
e75c8e61e164681566fec638cc71e65b3600a490,DELETE,regular-file,node_modules/.astro/assets/DSCF2164.BSb3yywQ_ZbokAL.avif,15148987,
e5ef04ec07a4bc01b01b947bd1451644ad93b8b7,DELETE,regular-file,node_modules/.astro/assets/DSCF2221.D7vJJD4o_Z21yPqn.avif,14295868,
8c41f665f26d8efa883465e018c73b2de9bacda9,DELETE,regular-file,node_modules/.astro/assets/DSCF2238.9xNzmE_u_1UeRp4.avif,13063970,
6738e388c9da9b6d1a65c73472a07752bd66954b,DELETE,regular-file,node_modules/.astro/assets/DSCF2259.Cq-X8mS8_1Ylga1.avif,13092914,
dfed6b4489aa2439b66bd337b39dc12ccb55b4df,DELETE,regular-file,node_modules/.astro/assets/DSCF2396.qEIsE8nQ_Z5d232.avif,11280412,
021d4f1359a0c9a9d032a1bd5a4dd7e9eda2d3a2,DELETE,regular-file,node_modules/.astro/assets/DSCF2427.DIQO0boG_23IVtr.avif,14545850,
55e41b951bbfc63681f74601febf7bb307a87cb9,DELETE,regular-file,node_modules/.astro/assets/DSCF2435.C8II2g_C_Z1vhXmj.avif,15037455,
e093f0b43c1c5c5382f6decb0f21686b0c90fa0c,DELETE,regular-file,node_modules/.astro/assets/DSCF2450.CfcfK-7J_Z1y7cng.avif,14438347,
11f38e2d46c9166dfaba6a69347b7eee61ef0a7d,DELETE,regular-file,node_modules/.astro/assets/DSCF2461.B_BHK10T_Z1Vqm5Q.avif,14572583,
0bd953e0ebc60d2f14dc972322c5dd0dedc718e3,DELETE,regular-file,node_modules/.astro/assets/DSCF2625.D_vX6AaC_Z1vECwl.avif,14349449,
7272321c1548b629b1cd4c685251d6c954af5430,DELETE,regular-file,node_modules/.astro/assets/DSCF2628.eLRE0FSR_ZIjwXm.avif,13683716,
c22abaf95cd4cac6df9ce748e01bca0ba1e2fb8c,DELETE,regular-file,node_modules/.astro/assets/DSCF2633.Bpdv0UXr_yHPY9.avif,14070997,
2171bb4df3a5dd847da6e4347ebb0fa76d1621ea,DELETE,regular-file,node_modules/.astro/assets/DSCF2722.CzE0HOfW_1k9F8V.avif,14363754,
0c9c99af408de8a28ba91ed12918dea22ffb6cf6,DELETE,regular-file,node_modules/.astro/assets/DSCF2726.CyeSo7Gp_WlvCx.avif,12883441,
49cbbcd4041c79ea23bba5b94f0d7eda29316de2,DELETE,regular-file,node_modules/.astro/assets/DSCF2727.4r1im6Wc_1O5wA8.avif,12729136,
693532b3e8164bc5d7407f0f0cca4f58509d03e4,DELETE,regular-file,node_modules/.astro/assets/DSCF2728.WR9KWcRT_15oLAM.avif,13751930,
d8a5b0ccc8bc982c6841f57562871cbff5cd2611,DELETE,regular-file,node_modules/.astro/assets/DSCF2772.EB2iVRqK_1D3Ge7.avif,14563228,
a2e478c7b70a1f1b4fe3aed814fc221f88885b75,DELETE,regular-file,node_modules/.astro/assets/DSCF2789.CPJ5MZTO_Z2uOKkN.avif,15525876,
d11a93f202ac027427ac2a72c60f6a22e116bc8d,DELETE,regular-file,node_modules/.astro/assets/DSCF2878.C6B3joRu_1qvXAD.avif,14705896,
91fe57fa490185065e3ed7895382cb33555e5ba4,DELETE,regular-file,node_modules/.astro/assets/DSCF2880.hOQdHlml_ZmCEuF.avif,14395107,
d579d82ea045957126359e174bde65d2393ee76c,DELETE,regular-file,node_modules/.astro/assets/DSCF2904.jgkfF7T9_ZiN5nv.avif,13869923,
927d9dcf07df26cc1f0d406f1f7204d9ba977ab4,DELETE,regular-file,node_modules/.astro/assets/DSCF2907.BMIRDWJr_Z2hFVay.avif,13887249,
91afbb0806e8f1447a3ddc4b15a83af71ca3c093,DELETE,regular-file,node_modules/.astro/assets/DSCF2913.B6d1Z1Jv_ZaCdlE.avif,14610822,
f9420bd2ede2264130b5a4f10124ab326a9052c6,DELETE,regular-file,node_modules/.astro/assets/DSCF2914.CY98xbZZ_Z9l5My.avif,14631776,
8fe91ca86caa731ecd3c6af3ab285c3f9018b9ad,DELETE,regular-file,node_modules/.astro/assets/DSCF2942.DrM3Ngj6_Z24afF3.avif,14131773,
7e4649f2cf8ebe5ef86792361911b8eaa3f15f7a,DELETE,regular-file,node_modules/.astro/assets/DSCF2944.DxsCD2Fq_tYS9r.avif,14473879,
4081111b302b5017afe6f8a802b75bdcead37b07,DELETE,regular-file,node_modules/.astro/assets/DSCF3183.DcC9wPka_Z7CfMG.avif,11162388,
701dc43c745170d7f92564d59ce35828f056e4f1,DELETE,regular-file,node_modules/.astro/assets/DSCF3461.DE-mbu3B_1LXNTD.avif,14026801,
45ae2fe35a915dbc16b0bbbff023af1ddb282d79,DELETE,regular-file,node_modules/.astro/assets/DSCF3526.DHOGq4MV_Z178hxb.avif,13906313,
05d370ee65056ba2faf5ef5eb62c125796c5335e,DELETE,regular-file,node_modules/.astro/assets/DSCF3683.CGHcpRZh_Z1kmRkJ.avif,11780130,
c270bf4d83d3a4b39e7b6e1970cec596c8e9f6c3,DELETE,regular-file,node_modules/.astro/assets/DSCF3899.BLbVrRNx_Zp0zHb.avif,11199544,
65eb38f5bd3b3ab71c16043e34162664029d66dc,DELETE,regular-file,node_modules/.astro/assets/DSCF3902.Bn8o3Xwt_1noFRW.avif,14669265,
2b60f55973d598cea61897d96de22767f20342f8,DELETE,regular-file,node_modules/.astro/assets/DSCF4641.CXXUK0q__Z1PlCoa.avif,11437085,
85313940bdb49fedad1e36f9a8cb5cd06c8364ca,DELETE,regular-file,node_modules/.astro/assets/DSCF4664.vLlm_aBH_Z16pCiq.avif,12466901,
9c292a5ee09058fb1ce0a7791ffadab6bc0a04d2,DELETE,regular-file,node_modules/.astro/assets/DSCF4682.C-2CXvyU_ZswL1A.avif,10600284,
84fdace5969f73bcd23769faa61638b99254df8c,DELETE,regular-file,node_modules/.astro/assets/DSCF4706.BfKANqRg_2g4hNE.avif,14838784,
f5b8d23caf2c3a0ed999127f97d862f51ca820c0,DELETE,regular-file,node_modules/.astro/assets/DSCF4737.DspAhLbG_2kCtw2.avif,10694442,
2b6c0047c8ec839cfb705b03da8f94c8f521eaf1,DELETE,regular-file,node_modules/.astro/assets/DSCF4763.BkHZPE3R_Z70Ly3.avif,15096528,
98b00b36e13eeee9f46580ffb4b98d76110b0f00,DELETE,regular-file,node_modules/.astro/assets/DSCF4831._j5waMHb_Z21qgd6.avif,14606103,
76d4ace31247a5aa8f07c69a0689955052167e93,DELETE,regular-file,node_modules/.astro/assets/DSCF4843.Ddfdymwx_Z6yItm.avif,13202522,
c0b9ae3f5734013688d3e7749362677a0ccac571,DELETE,regular-file,node_modules/.astro/assets/DSCF4857.BoZYZqFI_Z91zg2.avif,11671572,
b12f3b77678422976ee2090a382867067d9057bc,DELETE,regular-file,node_modules/.astro/assets/DSCF4878.DMi3uLE__P0VFI.avif,15520382,
572d850bdac5d8f9308fb0e65cc832c2e57e0af8,DELETE,regular-file,node_modules/.astro/assets/DSCF4880.DrKwGg31_Z1jBuKr.avif,16571460,
178d077a63c81d6294b105dbeacd3c1d98b03ea6,DELETE,regular-file,node_modules/.astro/assets/DSCF4890.BLpyYjZb_1fC4sa.avif,11236173,
66477d1eea18df34ee2335db360003f0d5df7193,DELETE,regular-file,node_modules/.astro/assets/DSCF4910.CJcFPK0K_2Dj2f.avif,11929573,
4badc00e48e81d9513016c6e22ddecb3fdcf819e,DELETE,regular-file,node_modules/.astro/assets/DSCF4924.DrNQhsuc_ZYdnMi.avif,11325330,
6ce13e9a742cb672db9743f86e4eaa0ae2cbf40a,DELETE,regular-file,node_modules/.astro/assets/DSCF4951.DiG1iwiZ_1EUQj.avif,11537368,
31c79665b7fe1a525cb05bc2efd60e81945dc96b,DELETE,regular-file,node_modules/.astro/assets/DSCF4986.D1DAtdsN_2QBbh.avif,11371855,
640519e1da6981bd1fb34eac46967499e79c338e,DELETE,regular-file,node_modules/.astro/assets/DSCF5072.CU0EN7wy_ZsgQWS.avif,12996877,
1923337efde97705e3acb7acf852aee0b2c1d904,DELETE,regular-file,node_modules/.astro/assets/DSCF5107.xW4XFkLD_jjS3V.avif,12875200,
23ed1fa9c00e6f50041c35b0b2bbdf671a868264,DELETE,regular-file,node_modules/.astro/assets/DSCF5109.B_JQrmBX_Z1CDbQu.avif,10505706,
072925b804aa5f77afcf486f7b12ef20ce9f4e4d,DELETE,regular-file,node_modules/.astro/assets/DSCF5147.CmVqqa9f_Z1kJFYL.avif,15717947,
abb4ef06715a755cb9d2820e2e198c863e45aa7e,DELETE,regular-file,node_modules/.astro/assets/DSCF9614.CqAOrSVB_O8iHh.avif,13689845,
f10aa8d005cc95dba676e41416e12b3dbd0392f4,DELETE,regular-file,node_modules/.astro/assets/DSCF9626.e0TfSXu2_n1654.avif,14374479,
bbd8f2681a2d7005b318e3c556eab8627d49ef68,DELETE,regular-file,node_modules/.astro/assets/DSCF9666.Ds0u6GLV_2w3nk7.avif,13658106,
5a4f9a45464f3cbe97f47dd57a0a3e0d9d53d7f0,DELETE,regular-file,node_modules/.astro/assets/DSCF9687.DPLHivEj_2jY5H2.avif,13397179,
5fdfaccb4560b364022b489560775dd32464bd9a,DELETE,regular-file,node_modules/.astro/assets/DSCF9688.n6jLtnVV_Z2c9viv.avif,14697731,
9d932103d9a892111455b2d53ff73ef05b5e6a5c,DELETE,regular-file,node_modules/.astro/assets/DSCF9710.BtDfjVB9_1CoQ6J.avif,10493072,
8269dd81ccad638381f8c2761fe4985cd3c2d03c,DELETE,regular-file,node_modules/.astro/assets/DSCF9722.CPUzjGaK_Z8ogjL.avif,13932698,
af5a8d52e54512718d9de13ff2c715e1b566aeaf,DELETE,regular-file,node_modules/.astro/assets/DSCF9751.CG6eaaG1_Z1g2eGD.avif,12953396,
0ae2170e5ec995607d60d60451c1619a0e5b8828,DELETE,regular-file,node_modules/.astro/assets/DSCF9773.B92i7Rvu_20aYfH.avif,12657137,
572360ee0ad6a0c31836f16c2877e404419f8204,DELETE,regular-file,node_modules/.astro/assets/DSCF9785.C0BMySQS_ZriBOE.avif,11713065,
4b65fcaf85b76a3fb96918da7c82d4a9f3767950,DELETE,regular-file,node_modules/.astro/assets/DSCF9798.CVdwN435_Z1AiosK.avif,11077489,
8623cf0a6fef1dc7cbc7936b80b8727b2689dc94,DELETE,regular-file,node_modules/.astro/assets/DSCF9807.DkT8o7sS_rHe5S.avif,12621641,
69497d0a7391a3edcefec5dc1785a665f8758d6d,DELETE,regular-file,node_modules/.astro/assets/DSCF9823.BBlQ6bwe_Z2axago.avif,14057792,
842bf07316d4753f3d5db4c1b8857d72a4fec46a,DELETE,regular-file,node_modules/.astro/assets/DSCF9890.C5pe-YgG_t9FGH.avif,12537474,
541d9c8667cca8f1a847d58670fb0402d0c929cf,DELETE,regular-file,node_modules/.astro/assets/DSCF9993.B9S9F84W_2siodY.avif,12694064,
941c7d6bf413c35d35a6e52a82fab2f4e59cb0a6,DELETE,regular-file,node_modules/.pnpm/@img+sharp-libvips-darwin-arm64@1.0.4/node_modules/@img/sharp-libvips-darwin-arm64/lib/libvips-cpp.42.dylib,15578152,
1ff945cee1fc8e1dfdd3f689ef0c7d208e214847,DELETE,regular-file,node_modules/.pnpm/@img+sharp-libvips-darwin-arm64@1.1.0/node_modules/@img/sharp-libvips-darwin-arm64/lib/libvips-cpp.8.16.1.dylib,15956632,
